https://mizu-cool.jp/wp-admin/post.php?post=7521&action=edit,2022-03-01 17:56:01.484925
https://mizu-cool.jp/wp-admin/post.php?post=7523&action=edit,2022-03-01 17:56:17.288131
https://mizu-cool.jp/wp-admin/post.php?post=7527&action=edit,2022-03-01 17:56:33.001055
https://mizu-cool.jp/wp-admin/post.php?post=7529&action=edit,2022-03-01 17:56:48.147863
https://mizu-cool.jp/wp-admin/post.php?post=7521&action=edit,2022-03-01 18:05:30.009854
https://mizu-cool.jp/wp-admin/post.php?post=7523&action=edit,2022-03-01 18:05:45.989836
https://mizu-cool.jp/wp-admin/post.php?post=7527&action=edit,2022-03-01 18:13:59.846499
https://mizu-cool.jp/wp-admin/post.php?post=7529&action=edit,2022-03-01 18:14:15.447397
https://mizu-cool.jp/wp-admin/post.php?post=7531&action=edit,2022-03-01 18:14:30.613781
https://mizu-cool.jp/wp-admin/post.php?post=7535&action=edit,2022-03-01 18:14:46.115364
https://mizu-cool.jp/wp-admin/post.php?post=7537&action=edit,2022-03-01 18:15:01.533745
https://mizu-cool.jp/wp-admin/post.php?post=7539&action=edit,2022-03-01 18:15:16.999267
https://mizu-cool.jp/wp-admin/post.php?post=7541&action=edit,2022-03-01 18:15:32.945209
https://mizu-cool.jp/wp-admin/post.php?post=7543&action=edit,2022-03-01 18:15:47.976720
https://mizu-cool.jp/wp-admin/post.php?post=7594&action=edit,2022-03-01 18:16:03.463170
https://mizu-cool.jp/wp-admin/post.php?post=7596&action=edit,2022-03-01 18:16:19.346859
https://mizu-cool.jp/wp-admin/post.php?post=7527&action=edit,2022-03-01 18:37:54.654886
https://mizu-cool.jp/wp-admin/post.php?post=7529&action=edit,2022-03-01 18:38:10.283288
https://mizu-cool.jp/wp-admin/post.php?post=7531&action=edit,2022-03-01 18:38:25.370633
https://mizu-cool.jp/wp-admin/post.php?post=7535&action=edit,2022-03-01 18:38:40.818142
https://mizu-cool.jp/wp-admin/post.php?post=7537&action=edit,2022-03-01 18:38:56.488034
https://mizu-cool.jp/wp-admin/post.php?post=7539&action=edit,2022-03-01 18:39:11.600041
https://mizu-cool.jp/wp-admin/post.php?post=7541&action=edit,2022-03-01 18:39:27.618515
https://mizu-cool.jp/wp-admin/post.php?post=7543&action=edit,2022-03-01 18:39:43.261682
https://mizu-cool.jp/wp-admin/post.php?post=7594&action=edit,2022-03-01 18:39:59.537868
https://mizu-cool.jp/wp-admin/post.php?post=7596&action=edit,2022-03-01 18:40:15.068280
https://mizu-cool.jp/wp-admin/post.php?post=7598&action=edit,2022-03-01 18:52:08.847736
https://mizu-cool.jp/wp-admin/post.php?post=7600&action=edit,2022-03-01 18:52:27.096151
https://mizu-cool.jp/wp-admin/post.php?post=7602&action=edit,2022-03-01 18:52:44.366569
https://mizu-cool.jp/wp-admin/post.php?post=7604&action=edit,2022-03-01 18:56:44.837759
https://mizu-cool.jp/wp-admin/post.php?post=7606&action=edit,2022-03-01 18:57:01.220687
https://mizu-cool.jp/wp-admin/post.php?post=7608&action=edit,2022-03-01 18:57:17.500517
https://mizu-cool.jp/wp-admin/post.php?post=7610&action=edit,2022-03-01 18:57:33.866013
https://mizu-cool.jp/wp-admin/post.php?post=7612&action=edit,2022-03-01 18:57:50.199592
https://mizu-cool.jp/wp-admin/post.php?post=7517&action=edit,2022-03-03 10:08:18.514145
https://mizu-cool.jp/wp-admin/post.php?post=7519&action=edit,2022-03-03 10:08:35.078178
https://mizu-cool.jp/wp-admin/post.php?post=7521&action=edit,2022-03-03 10:08:50.674485
https://mizu-cool.jp/wp-admin/post.php?post=7523&action=edit,2022-03-03 10:09:06.094643
https://mizu-cool.jp/wp-admin/post.php?post=7527&action=edit,2022-03-03 10:09:21.519792
https://mizu-cool.jp/wp-admin/post.php?post=6738&action=edit,2022-03-03 18:09:02.524863
https://mizu-cool.jp/wp-admin/post.php?post=3041&action=edit,2022-03-04 10:05:26.520427
